9.487480000000000000e+06,nan,nan
9.487481000000000000e+06,nan,nan
9.487482000000000000e+06,nan,nan
9.487483000000000000e+06,nan,nan
9.487484000000000000e+06,nan,nan
9.487485000000000000e+06,nan,nan
9.487486000000000000e+06,nan,nan
9.487487000000000000e+06,nan,nan
9.487488000000000000e+06,nan,nan
9.487489000000000000e+06,nan,nan
9.487490000000000000e+06,nan,nan
9.487491000000000000e+06,nan,nan
9.487492000000000000e+06,nan,nan
9.487493000000000000e+06,nan,nan
9.487494000000000000e+06,nan,nan
9.487495000000000000e+06,nan,nan
9.487496000000000000e+06,nan,nan
9.487497000000000000e+06,nan,nan
9.487498000000000000e+06,nan,nan
9.487499000000000000e+06,nan,nan
9.487500000000000000e+06,nan,nan
9.487501000000000000e+06,nan,nan
9.487502000000000000e+06,nan,nan
9.487503000000000000e+06,nan,nan
9.487504000000000000e+06,nan,nan
9.487505000000000000e+06,nan,nan
9.487506000000000000e+06,nan,nan
9.487507000000000000e+06,nan,nan
9.487508000000000000e+06,nan,nan
9.487509000000000000e+06,nan,nan
9.487510000000000000e+06,nan,nan
9.487511000000000000e+06,nan,nan
9.487512000000000000e+06,nan,nan
9.487513000000000000e+06,nan,nan
9.487514000000000000e+06,nan,nan
9.487515000000000000e+06,nan,nan
9.487516000000000000e+06,nan,nan
9.487517000000000000e+06,nan,nan
9.487518000000000000e+06,nan,nan
9.487519000000000000e+06,nan,nan
9.487520000000000000e+06,nan,nan
9.487521000000000000e+06,nan,nan
9.487522000000000000e+06,nan,nan
9.487523000000000000e+06,nan,nan
9.487524000000000000e+06,nan,nan
9.487525000000000000e+06,nan,nan
9.487526000000000000e+06,nan,nan
9.487527000000000000e+06,nan,nan
9.487528000000000000e+06,nan,nan
9.487529000000000000e+06,nan,nan
9.487530000000000000e+06,nan,nan
9.487531000000000000e+06,nan,nan
9.487532000000000000e+06,nan,nan
9.487533000000000000e+06,nan,nan
9.487534000000000000e+06,nan,nan
9.487535000000000000e+06,nan,nan
9.487536000000000000e+06,nan,nan
9.487537000000000000e+06,nan,nan
9.487538000000000000e+06,nan,nan
9.487539000000000000e+06,nan,nan
9.487540000000000000e+06,nan,nan
9.487541000000000000e+06,nan,nan
9.487542000000000000e+06,nan,nan
9.487543000000000000e+06,nan,nan
9.487544000000000000e+06,nan,nan
9.487545000000000000e+06,nan,nan
9.487546000000000000e+06,nan,nan
9.487547000000000000e+06,nan,nan
9.487548000000000000e+06,nan,nan
9.487549000000000000e+06,nan,nan
9.487550000000000000e+06,nan,nan
9.487551000000000000e+06,nan,nan
9.487552000000000000e+06,nan,nan
9.487553000000000000e+06,nan,nan
9.487554000000000000e+06,nan,nan
9.487555000000000000e+06,nan,nan
9.487556000000000000e+06,nan,nan
9.487557000000000000e+06,nan,nan
9.487558000000000000e+06,nan,nan
9.487559000000000000e+06,nan,nan
9.487560000000000000e+06,nan,nan
9.487561000000000000e+06,nan,nan
9.487562000000000000e+06,nan,nan
9.487563000000000000e+06,nan,nan
9.487564000000000000e+06,nan,nan
9.487565000000000000e+06,nan,nan
9.487566000000000000e+06,nan,nan
9.487567000000000000e+06,nan,nan
9.487568000000000000e+06,nan,nan
9.487569000000000000e+06,nan,nan
9.487570000000000000e+06,nan,nan
9.487571000000000000e+06,nan,nan
9.487572000000000000e+06,nan,nan
9.487573000000000000e+06,nan,nan
9.487574000000000000e+06,nan,nan
9.487575000000000000e+06,nan,nan
9.487576000000000000e+06,nan,nan
9.487577000000000000e+06,nan,nan
9.487578000000000000e+06,nan,nan
9.487579000000000000e+06,nan,nan
9.487580000000000000e+06,nan,nan
9.487581000000000000e+06,nan,nan
9.487582000000000000e+06,nan,nan
9.487583000000000000e+06,nan,nan
9.487584000000000000e+06,nan,nan
9.487585000000000000e+06,nan,nan
9.487586000000000000e+06,nan,nan
9.487587000000000000e+06,nan,nan
9.487588000000000000e+06,nan,nan
9.487589000000000000e+06,nan,nan
9.487590000000000000e+06,nan,nan
9.487591000000000000e+06,nan,nan
9.487592000000000000e+06,nan,nan
9.487593000000000000e+06,nan,nan
9.487594000000000000e+06,nan,nan
9.487595000000000000e+06,nan,nan
9.487596000000000000e+06,nan,nan
9.487597000000000000e+06,nan,nan
9.487598000000000000e+06,nan,nan
9.487599000000000000e+06,nan,nan
9.487600000000000000e+06,nan,nan
9.487601000000000000e+06,nan,nan
9.487602000000000000e+06,nan,nan
9.487603000000000000e+06,nan,nan
9.487604000000000000e+06,nan,nan
9.487605000000000000e+06,nan,nan
9.487606000000000000e+06,nan,nan
9.487607000000000000e+06,nan,nan
9.487608000000000000e+06,nan,nan
9.487609000000000000e+06,nan,nan
9.487610000000000000e+06,nan,nan
9.487611000000000000e+06,nan,nan
9.487612000000000000e+06,nan,nan
9.487613000000000000e+06,nan,nan
9.487614000000000000e+06,nan,nan
9.487615000000000000e+06,nan,nan
9.487616000000000000e+06,nan,nan
9.487617000000000000e+06,nan,nan
9.487618000000000000e+06,nan,nan
9.487619000000000000e+06,nan,nan
9.487620000000000000e+06,nan,nan
9.487621000000000000e+06,nan,nan
9.487622000000000000e+06,nan,nan
9.487623000000000000e+06,nan,nan
9.487624000000000000e+06,nan,nan
9.487625000000000000e+06,nan,nan
9.487626000000000000e+06,nan,nan
9.487627000000000000e+06,nan,nan
9.487628000000000000e+06,nan,nan
9.487629000000000000e+06,nan,nan
9.487630000000000000e+06,nan,nan
9.487631000000000000e+06,nan,nan
9.487632000000000000e+06,nan,nan
9.487633000000000000e+06,nan,nan
9.487634000000000000e+06,nan,nan
9.487635000000000000e+06,nan,nan
9.487636000000000000e+06,nan,nan
9.487637000000000000e+06,nan,nan
9.487638000000000000e+06,nan,nan
9.487639000000000000e+06,nan,nan
9.487640000000000000e+06,nan,nan
9.487641000000000000e+06,nan,nan
9.487642000000000000e+06,nan,nan
9.487643000000000000e+06,nan,nan
9.487644000000000000e+06,nan,nan
9.487645000000000000e+06,nan,nan
9.487646000000000000e+06,nan,nan
9.487647000000000000e+06,nan,nan
9.487648000000000000e+06,nan,nan
9.487649000000000000e+06,nan,nan
9.487650000000000000e+06,nan,nan
9.487651000000000000e+06,nan,nan
9.487652000000000000e+06,nan,nan
9.487653000000000000e+06,nan,nan
9.487654000000000000e+06,nan,nan
9.487655000000000000e+06,nan,nan
9.487656000000000000e+06,nan,nan
9.487657000000000000e+06,nan,nan
9.487658000000000000e+06,nan,nan
9.487659000000000000e+06,nan,nan
9.487660000000000000e+06,nan,nan
9.487661000000000000e+06,nan,nan
9.487662000000000000e+06,nan,nan
9.487663000000000000e+06,nan,nan
9.487664000000000000e+06,nan,nan
9.487665000000000000e+06,nan,nan
9.487666000000000000e+06,nan,nan
9.487667000000000000e+06,nan,nan
9.487668000000000000e+06,nan,nan
9.487669000000000000e+06,nan,nan
9.487670000000000000e+06,nan,nan
9.487671000000000000e+06,nan,nan
9.487672000000000000e+06,nan,nan
9.487673000000000000e+06,nan,nan
9.487674000000000000e+06,nan,nan
9.487675000000000000e+06,nan,nan
9.487676000000000000e+06,nan,nan
9.487677000000000000e+06,nan,nan
9.487678000000000000e+06,nan,nan
9.487679000000000000e+06,nan,nan
9.487680000000000000e+06,nan,nan
9.487681000000000000e+06,nan,nan
9.487682000000000000e+06,nan,nan
9.487683000000000000e+06,nan,nan
9.487684000000000000e+06,nan,nan
9.487685000000000000e+06,nan,nan
9.487686000000000000e+06,nan,nan
9.487687000000000000e+06,nan,nan
9.487688000000000000e+06,nan,nan
9.487689000000000000e+06,nan,nan
9.487690000000000000e+06,nan,nan
9.487691000000000000e+06,nan,nan
9.487692000000000000e+06,nan,nan
9.487693000000000000e+06,nan,nan
9.487694000000000000e+06,nan,nan
9.487695000000000000e+06,nan,nan
9.487696000000000000e+06,nan,nan
9.487697000000000000e+06,nan,nan
9.487698000000000000e+06,nan,nan
9.487699000000000000e+06,nan,nan
9.487700000000000000e+06,nan,nan
9.487701000000000000e+06,nan,nan
9.487702000000000000e+06,nan,nan
9.487703000000000000e+06,nan,nan
9.487704000000000000e+06,nan,nan
9.487705000000000000e+06,nan,nan
9.487706000000000000e+06,nan,nan
9.487707000000000000e+06,nan,nan
9.487708000000000000e+06,nan,nan
9.487709000000000000e+06,nan,nan
9.487710000000000000e+06,nan,nan
9.487711000000000000e+06,nan,nan
9.487712000000000000e+06,nan,nan
9.487713000000000000e+06,nan,nan
9.487714000000000000e+06,nan,nan
9.487715000000000000e+06,nan,nan
9.487716000000000000e+06,nan,nan
9.487717000000000000e+06,7.927000000000000455e+02,6.968999999999999773e+02
9.487718000000000000e+06,7.932000000000000455e+02,6.952999999999999545e+02
9.487719000000000000e+06,7.932999999999999545e+02,6.951000000000000227e+02
9.487720000000000000e+06,7.895000000000000000e+02,6.948999999999999773e+02
9.487721000000000000e+06,7.882999999999999545e+02,6.921000000000000227e+02
9.487722000000000000e+06,7.882999999999999545e+02,6.921000000000000227e+02
9.487723000000000000e+06,7.863999999999999773e+02,6.980000000000000000e+02
9.487724000000000000e+06,7.886000000000000227e+02,7.003999999999999773e+02
9.487725000000000000e+06,7.923999999999999773e+02,6.983999999999999773e+02
9.487726000000000000e+06,7.885000000000000000e+02,6.982000000000000455e+02
9.487727000000000000e+06,7.883999999999999773e+02,6.987999999999999545e+02
9.487728000000000000e+06,7.827999999999999545e+02,6.985000000000000000e+02
9.487729000000000000e+06,7.827999999999999545e+02,6.985000000000000000e+02
9.487730000000000000e+06,7.837000000000000455e+02,7.016000000000000227e+02
9.487731000000000000e+06,7.856000000000000227e+02,7.017000000000000455e+02
9.487732000000000000e+06,7.843999999999999773e+02,7.015000000000000000e+02
9.487733000000000000e+06,7.832999999999999545e+02,7.012999999999999545e+02
9.487734000000000000e+06,7.812999999999999545e+02,7.023999999999999773e+02
9.487735000000000000e+06,7.793999999999999773e+02,7.035000000000000000e+02
9.487736000000000000e+06,7.803999999999999773e+02,7.035000000000000000e+02
9.487737000000000000e+06,7.817999999999999545e+02,7.022000000000000455e+02
9.487738000000000000e+06,7.868999999999999773e+02,7.011000000000000227e+02
9.487739000000000000e+06,7.872000000000000455e+02,7.001000000000000227e+02
9.487740000000000000e+06,7.702999999999999545e+02,6.982000000000000455e+02
9.487741000000000000e+06,7.697000000000000455e+02,7.000000000000000000e+02
9.487742000000000000e+06,7.793999999999999773e+02,7.005000000000000000e+02
9.487743000000000000e+06,7.860000000000000000e+02,7.027999999999999545e+02
9.487744000000000000e+06,7.860000000000000000e+02,7.027999999999999545e+02
9.487745000000000000e+06,7.897999999999999545e+02,6.941000000000000227e+02
9.487746000000000000e+06,7.897999999999999545e+02,6.938999999999999773e+02
9.487747000000000000e+06,7.757000000000000455e+02,6.931000000000000227e+02
9.487748000000000000e+06,7.725000000000000000e+02,7.027999999999999545e+02
9.487749000000000000e+06,7.668999999999999773e+02,7.025000000000000000e+02
9.487750000000000000e+06,7.672000000000000455e+02,7.016000000000000227e+02
9.487751000000000000e+06,7.761000000000000227e+02,7.011000000000000227e+02
9.487752000000000000e+06,7.771000000000000227e+02,6.980000000000000000e+02
9.487753000000000000e+06,7.767000000000000455e+02,6.960000000000000000e+02
9.487754000000000000e+06,7.757000000000000455e+02,6.958999999999999773e+02
9.487755000000000000e+06,7.747999999999999545e+02,6.986000000000000227e+02
9.487756000000000000e+06,7.758999999999999773e+02,6.975000000000000000e+02
9.487757000000000000e+06,7.770000000000000000e+02,6.965000000000000000e+02
9.487758000000000000e+06,7.770000000000000000e+02,6.965000000000000000e+02
9.487759000000000000e+06,7.772999999999999545e+02,6.955000000000000000e+02
9.487760000000000000e+06,7.892999999999999545e+02,6.960000000000000000e+02
9.487761000000000000e+06,7.892999999999999545e+02,6.960000000000000000e+02
9.487762000000000000e+06,7.890000000000000000e+02,6.968999999999999773e+02
9.487763000000000000e+06,7.885000000000000000e+02,6.968999999999999773e+02
9.487764000000000000e+06,7.863999999999999773e+02,7.021000000000000227e+02
9.487765000000000000e+06,7.876000000000000227e+02,7.022000000000000455e+02
9.487766000000000000e+06,7.898999999999999773e+02,6.953999999999999773e+02
9.487767000000000000e+06,7.892000000000000455e+02,6.953999999999999773e+02
9.487768000000000000e+06,7.843999999999999773e+02,7.077999999999999545e+02
9.487769000000000000e+06,7.832999999999999545e+02,7.101000000000000227e+02
9.487770000000000000e+06,7.832999999999999545e+02,7.101000000000000227e+02
9.487771000000000000e+06,7.843999999999999773e+02,7.067999999999999545e+02
9.487772000000000000e+06,7.846000000000000227e+02,7.062000000000000455e+02
9.487773000000000000e+06,7.951000000000000227e+02,7.061000000000000227e+02
9.487774000000000000e+06,8.003999999999999773e+02,7.028999999999999773e+02
9.487775000000000000e+06,8.003999999999999773e+02,7.028999999999999773e+02
9.487776000000000000e+06,7.962000000000000455e+02,7.150000000000000000e+02
9.487777000000000000e+06,7.951000000000000227e+02,7.175000000000000000e+02
9.487778000000000000e+06,7.896000000000000227e+02,7.172000000000000455e+02
9.487779000000000000e+06,7.848999999999999773e+02,7.147999999999999545e+02
9.487780000000000000e+06,7.880000000000000000e+02,7.050000000000000000e+02
9.487781000000000000e+06,7.921000000000000227e+02,7.012999999999999545e+02
9.487782000000000000e+06,7.932999999999999545e+02,6.992000000000000455e+02
9.487783000000000000e+06,7.932999999999999545e+02,6.992000000000000455e+02
9.487784000000000000e+06,7.917000000000000455e+02,7.041000000000000227e+02
9.487785000000000000e+06,7.856000000000000227e+02,7.037999999999999545e+02
9.487786000000000000e+06,7.863999999999999773e+02,7.007000000000000455e+02
9.487787000000000000e+06,7.870000000000000000e+02,6.988999999999999773e+02
9.487788000000000000e+06,7.870000000000000000e+02,6.988999999999999773e+02
9.487789000000000000e+06,7.903999999999999773e+02,6.895000000000000000e+02
9.487790000000000000e+06,7.907000000000000455e+02,6.895000000000000000e+02
9.487791000000000000e+06,7.861000000000000227e+02,6.912999999999999545e+02
9.487792000000000000e+06,7.816000000000000227e+02,6.932000000000000455e+02
9.487793000000000000e+06,7.755000000000000000e+02,7.122000000000000455e+02
9.487794000000000000e+06,7.895000000000000000e+02,7.128999999999999773e+02
9.487795000000000000e+06,7.950000000000000000e+02,7.018999999999999773e+02
9.487796000000000000e+06,7.950000000000000000e+02,7.018999999999999773e+02
9.487797000000000000e+06,7.861000000000000227e+02,7.013999999999999773e+02
9.487798000000000000e+06,7.777999999999999545e+02,7.001000000000000227e+02
9.487799000000000000e+06,7.777999999999999545e+02,7.001000000000000227e+02
9.487800000000000000e+06,7.807999999999999545e+02,6.992999999999999545e+02
9.487801000000000000e+06,7.835000000000000000e+02,6.993999999999999773e+02
9.487802000000000000e+06,7.868999999999999773e+02,6.996000000000000227e+02
9.487803000000000000e+06,7.863999999999999773e+02,6.996000000000000227e+02
9.487804000000000000e+06,7.852000000000000455e+02,7.012999999999999545e+02
9.487805000000000000e+06,7.845000000000000000e+02,7.012999999999999545e+02
9.487806000000000000e+06,7.861000000000000227e+02,6.965000000000000000e+02
9.487807000000000000e+06,7.861000000000000227e+02,6.965000000000000000e+02
9.487808000000000000e+06,7.855000000000000000e+02,6.982000000000000455e+02
9.487809000000000000e+06,7.835000000000000000e+02,6.997999999999999545e+02
9.487810000000000000e+06,7.847999999999999545e+02,6.960000000000000000e+02
9.487811000000000000e+06,7.957999999999999545e+02,6.966000000000000227e+02
9.487812000000000000e+06,7.957999999999999545e+02,6.887999999999999545e+02
9.487813000000000000e+06,7.932999999999999545e+02,6.887000000000000455e+02
9.487814000000000000e+06,7.875000000000000000e+02,7.062999999999999545e+02
9.487815000000000000e+06,7.888999999999999773e+02,7.037999999999999545e+02
9.487816000000000000e+06,7.895000000000000000e+02,7.020000000000000000e+02
9.487817000000000000e+06,7.871000000000000227e+02,7.018999999999999773e+02
9.487818000000000000e+06,7.871000000000000227e+02,7.018999999999999773e+02
9.487819000000000000e+06,7.926000000000000227e+02,7.022999999999999545e+02
9.487820000000000000e+06,7.925000000000000000e+02,7.025000000000000000e+02
9.487821000000000000e+06,7.800000000000000000e+02,7.017000000000000455e+02
9.487822000000000000e+06,7.800000000000000000e+02,7.017000000000000455e+02
9.487823000000000000e+06,7.858999999999999773e+02,7.020000000000000000e+02
9.487824000000000000e+06,7.912000000000000455e+02,7.032999999999999545e+02
9.487825000000000000e+06,7.907999999999999545e+02,7.042999999999999545e+02
9.487826000000000000e+06,7.907999999999999545e+02,7.042999999999999545e+02
9.487827000000000000e+06,7.925000000000000000e+02,6.992999999999999545e+02
9.487828000000000000e+06,7.933999999999999773e+02,6.992999999999999545e+02
9.487829000000000000e+06,7.942000000000000455e+02,6.967999999999999545e+02
9.487830000000000000e+06,7.782000000000000455e+02,6.935000000000000000e+02
9.487831000000000000e+06,7.757999999999999545e+02,7.008999999999999773e+02
9.487832000000000000e+06,7.743999999999999773e+02,7.083999999999999773e+02
9.487833000000000000e+06,7.752999999999999545e+02,7.083999999999999773e+02
9.487834000000000000e+06,7.775000000000000000e+02,7.013999999999999773e+02
9.487835000000000000e+06,7.777000000000000455e+02,7.010000000000000000e+02
9.487836000000000000e+06,7.932000000000000455e+02,7.012999999999999545e+02
9.487837000000000000e+06,7.951000000000000227e+02,6.955000000000000000e+02
9.487838000000000000e+06,7.815000000000000000e+02,6.987000000000000455e+02
9.487839000000000000e+06,7.815000000000000000e+02,6.986000000000000227e+02
9.487840000000000000e+06,7.836000000000000227e+02,6.985000000000000000e+02
9.487841000000000000e+06,7.876000000000000227e+02,6.906000000000000227e+02
9.487842000000000000e+06,7.876000000000000227e+02,6.906000000000000227e+02
9.487843000000000000e+06,7.891000000000000227e+02,6.922999999999999545e+02
9.487844000000000000e+06,7.962999999999999545e+02,6.942999999999999545e+02
9.487845000000000000e+06,7.957000000000000455e+02,6.962000000000000455e+02
9.487846000000000000e+06,7.927000000000000455e+02,6.978999999999999773e+02
9.487847000000000000e+06,7.922000000000000455e+02,6.985000000000000000e+02
9.487848000000000000e+06,7.910000000000000000e+02,7.016000000000000227e+02
9.487849000000000000e+06,7.872999999999999545e+02,7.013999999999999773e+02
9.487850000000000000e+06,7.872999999999999545e+02,7.013999999999999773e+02
9.487851000000000000e+06,7.872999999999999545e+02,7.013999999999999773e+02
9.487852000000000000e+06,7.877000000000000455e+02,7.037000000000000455e+02
9.487853000000000000e+06,7.887999999999999545e+02,7.037000000000000455e+02
9.487854000000000000e+06,8.031000000000000227e+02,7.017000000000000455e+02
9.487855000000000000e+06,8.032000000000000455e+02,7.012000000000000455e+02
9.487856000000000000e+06,7.937000000000000455e+02,7.007000000000000455e+02
9.487857000000000000e+06,7.928999999999999773e+02,7.006000000000000227e+02
9.487858000000000000e+06,7.921000000000000227e+02,7.006000000000000227e+02
9.487859000000000000e+06,7.901000000000000227e+02,6.987999999999999545e+02
9.487860000000000000e+06,7.936000000000000227e+02,6.990000000000000000e+02
9.487861000000000000e+06,7.915000000000000000e+02,7.055000000000000000e+02
9.487862000000000000e+06,7.925000000000000000e+02,7.056000000000000227e+02
9.487863000000000000e+06,7.921000000000000227e+02,7.067999999999999545e+02
9.487864000000000000e+06,7.792000000000000455e+02,7.062000000000000455e+02
9.487865000000000000e+06,7.791000000000000227e+02,7.067000000000000455e+02
9.487866000000000000e+06,8.013999999999999773e+02,7.078999999999999773e+02
9.487867000000000000e+06,8.025000000000000000e+02,7.046000000000000227e+02
9.487868000000000000e+06,8.001000000000000227e+02,7.045000000000000000e+02
9.487869000000000000e+06,7.980000000000000000e+02,7.032000000000000455e+02
9.487870000000000000e+06,7.997000000000000455e+02,7.032999999999999545e+02
9.487871000000000000e+06,8.007000000000000455e+02,7.032999999999999545e+02
9.487872000000000000e+06,8.002000000000000455e+02,7.048999999999999773e+02
9.487873000000000000e+06,7.988999999999999773e+02,7.065000000000000000e+02
9.487874000000000000e+06,7.980000000000000000e+02,7.063999999999999773e+02
9.487875000000000000e+06,7.932999999999999545e+02,7.052000000000000455e+02
9.487876000000000000e+06,7.885000000000000000e+02,7.038999999999999773e+02
9.487877000000000000e+06,7.840000000000000000e+02,7.046000000000000227e+02
9.487878000000000000e+06,7.806000000000000227e+02,7.045000000000000000e+02
9.487879000000000000e+06,7.827999999999999545e+02,7.046000000000000227e+02
9.487880000000000000e+06,7.835000000000000000e+02,7.092999999999999545e+02
9.487881000000000000e+06,7.835000000000000000e+02,7.092999999999999545e+02
9.487882000000000000e+06,7.868999999999999773e+02,6.951000000000000227e+02
9.487883000000000000e+06,7.868999999999999773e+02,6.951000000000000227e+02
9.487884000000000000e+06,7.857000000000000455e+02,6.950000000000000000e+02
9.487885000000000000e+06,7.820000000000000000e+02,7.065000000000000000e+02
9.487886000000000000e+06,7.773999999999999773e+02,7.047999999999999545e+02
9.487887000000000000e+06,7.777999999999999545e+02,7.036000000000000227e+02
9.487888000000000000e+06,7.777999999999999545e+02,7.036000000000000227e+02
9.487889000000000000e+06,7.827999999999999545e+02,7.031000000000000227e+02
9.487890000000000000e+06,7.831000000000000227e+02,7.022999999999999545e+02
9.487891000000000000e+06,7.923999999999999773e+02,6.927999999999999545e+02
9.487892000000000000e+06,7.923999999999999773e+02,6.927999999999999545e+02
9.487893000000000000e+06,7.911000000000000227e+02,6.892000000000000455e+02
9.487894000000000000e+06,7.908999999999999773e+02,6.892000000000000455e+02
9.487895000000000000e+06,7.850000000000000000e+02,7.070000000000000000e+02
9.487896000000000000e+06,7.891000000000000227e+02,7.072999999999999545e+02
9.487897000000000000e+06,7.892999999999999545e+02,7.066000000000000227e+02
9.487898000000000000e+06,7.862000000000000455e+02,7.063999999999999773e+02
9.487899000000000000e+06,7.862000000000000455e+02,7.063999999999999773e+02
9.487900000000000000e+06,7.907999999999999545e+02,7.058999999999999773e+02
9.487901000000000000e+06,7.900000000000000000e+02,7.058999999999999773e+02
9.487902000000000000e+06,7.900000000000000000e+02,7.058999999999999773e+02
9.487903000000000000e+06,7.913999999999999773e+02,7.017000000000000455e+02
9.487904000000000000e+06,7.945000000000000000e+02,7.018999999999999773e+02
9.487905000000000000e+06,7.923999999999999773e+02,7.085000000000000000e+02
9.487906000000000000e+06,7.732999999999999545e+02,7.075000000000000000e+02
9.487907000000000000e+06,7.745000000000000000e+02,7.037000000000000455e+02
9.487908000000000000e+06,7.751000000000000227e+02,7.037000000000000455e+02
9.487909000000000000e+06,7.751000000000000227e+02,7.037000000000000455e+02
9.487910000000000000e+06,7.587999999999999545e+02,6.956000000000000227e+02
9.487911000000000000e+06,7.501000000000000227e+02,6.951000000000000227e+02
9.487912000000000000e+06,7.386000000000000227e+02,6.972000000000000455e+02
9.487913000000000000e+06,7.216000000000000227e+02,6.988999999999999773e+02
9.487914000000000000e+06,6.866000000000000227e+02,6.968999999999999773e+02
9.487915000000000000e+06,6.895000000000000000e+02,6.863999999999999773e+02
9.487916000000000000e+06,6.745000000000000000e+02,6.853999999999999773e+02
9.487917000000000000e+06,6.745000000000000000e+02,6.853999999999999773e+02
9.487918000000000000e+06,6.395000000000000000e+02,6.837999999999999545e+02
9.487919000000000000e+06,6.332000000000000455e+02,6.832999999999999545e+02
9.487920000000000000e+06,6.122999999999999545e+02,6.816000000000000227e+02
9.487921000000000000e+06,5.972999999999999545e+02,6.905000000000000000e+02
9.487922000000000000e+06,5.828999999999999773e+02,6.946000000000000227e+02
9.487923000000000000e+06,5.817999999999999545e+02,6.908999999999999773e+02
9.487924000000000000e+06,5.801000000000000227e+02,6.907999999999999545e+02
9.487925000000000000e+06,5.793999999999999773e+02,6.907000000000000455e+02
9.487926000000000000e+06,5.737000000000000455e+02,6.950000000000000000e+02
9.487927000000000000e+06,5.712000000000000455e+02,6.957999999999999545e+02
9.487928000000000000e+06,5.711000000000000227e+02,6.970000000000000000e+02
9.487929000000000000e+06,5.883999999999999773e+02,6.985000000000000000e+02
9.487930000000000000e+06,5.887999999999999545e+02,6.956000000000000227e+02
9.487931000000000000e+06,5.877999999999999545e+02,7.023999999999999773e+02
9.487932000000000000e+06,6.018999999999999773e+02,7.036000000000000227e+02
9.487933000000000000e+06,6.023999999999999773e+02,7.006000000000000227e+02
9.487934000000000000e+06,6.030000000000000000e+02,6.977000000000000455e+02
9.487935000000000000e+06,6.092000000000000455e+02,6.862000000000000455e+02
9.487936000000000000e+06,6.258999999999999773e+02,6.875000000000000000e+02
9.487937000000000000e+06,6.258999999999999773e+02,6.875000000000000000e+02
9.487938000000000000e+06,6.198999999999999773e+02,6.905000000000000000e+02
9.487939000000000000e+06,6.192000000000000455e+02,6.937999999999999545e+02
9.487940000000000000e+06,6.192000000000000455e+02,6.937999999999999545e+02
9.487941000000000000e+06,6.267000000000000455e+02,6.858999999999999773e+02
9.487942000000000000e+06,6.277999999999999545e+02,6.808999999999999773e+02
9.487943000000000000e+06,6.207999999999999545e+02,6.803999999999999773e+02
9.487944000000000000e+06,6.106000000000000227e+02,6.927000000000000455e+02
9.487945000000000000e+06,6.106000000000000227e+02,6.927000000000000455e+02
9.487946000000000000e+06,6.212999999999999545e+02,6.923999999999999773e+02
9.487947000000000000e+06,6.225000000000000000e+02,6.925000000000000000e+02
9.487948000000000000e+06,6.210000000000000000e+02,7.000000000000000000e+02
9.487949000000000000e+06,6.183999999999999773e+02,6.997999999999999545e+02
9.487950000000000000e+06,6.186000000000000227e+02,6.843999999999999773e+02
9.487951000000000000e+06,6.122000000000000455e+02,6.838999999999999773e+02
9.487952000000000000e+06,6.012999999999999545e+02,6.836000000000000227e+02
9.487953000000000000e+06,6.012000000000000455e+02,6.842000000000000455e+02
9.487954000000000000e+06,6.100000000000000000e+02,6.946000000000000227e+02
9.487955000000000000e+06,6.100000000000000000e+02,6.946000000000000227e+02
9.487956000000000000e+06,6.136000000000000227e+02,6.790000000000000000e+02
9.487957000000000000e+06,6.136000000000000227e+02,6.790000000000000000e+02
9.487958000000000000e+06,6.055000000000000000e+02,6.801000000000000227e+02
9.487959000000000000e+06,6.028999999999999773e+02,6.948999999999999773e+02
9.487960000000000000e+06,5.973999999999999773e+02,6.945000000000000000e+02
9.487961000000000000e+06,5.990000000000000000e+02,6.848999999999999773e+02
9.487962000000000000e+06,6.087000000000000455e+02,6.750000000000000000e+02
9.487963000000000000e+06,6.167000000000000455e+02,6.757000000000000455e+02
9.487964000000000000e+06,6.168999999999999773e+02,6.746000000000000227e+02
9.487965000000000000e+06,6.168999999999999773e+02,6.746000000000000227e+02
9.487966000000000000e+06,6.178999999999999773e+02,6.805000000000000000e+02
9.487967000000000000e+06,6.188999999999999773e+02,6.862999999999999545e+02
9.487968000000000000e+06,6.191000000000000227e+02,6.852000000000000455e+02
9.487969000000000000e+06,6.146000000000000227e+02,6.836000000000000227e+02
9.487970000000000000e+06,6.138999999999999773e+02,6.836000000000000227e+02
9.487971000000000000e+06,6.131000000000000227e+02,6.835000000000000000e+02
9.487972000000000000e+06,5.983999999999999773e+02,6.798999999999999773e+02
9.487973000000000000e+06,5.987999999999999545e+02,6.776000000000000227e+02
9.487974000000000000e+06,6.066000000000000227e+02,6.782999999999999545e+02
9.487975000000000000e+06,6.066000000000000227e+02,6.786000000000000227e+02
9.487976000000000000e+06,6.083999999999999773e+02,6.790000000000000000e+02
9.487977000000000000e+06,6.057999999999999545e+02,6.930000000000000000e+02
9.487978000000000000e+06,6.031000000000000227e+02,6.912000000000000455e+02
9.487979000000000000e+06,6.033999999999999773e+02,6.897000000000000455e+02
9.487980000000000000e+06,6.025000000000000000e+02,6.952000000000000455e+02
9.487981000000000000e+06,6.036000000000000227e+02,6.952999999999999545e+02
9.487982000000000000e+06,6.053999999999999773e+02,6.911000000000000227e+02
9.487983000000000000e+06,6.058999999999999773e+02,6.868999999999999773e+02
9.487984000000000000e+06,6.062000000000000455e+02,6.852000000000000455e+02
9.487985000000000000e+06,6.062000000000000455e+02,6.852000000000000455e+02
9.487986000000000000e+06,6.063999999999999773e+02,6.838999999999999773e+02
9.487987000000000000e+06,6.051000000000000227e+02,6.837999999999999545e+02
9.487988000000000000e+06,6.051000000000000227e+02,6.837999999999999545e+02
9.487989000000000000e+06,6.013999999999999773e+02,6.777999999999999545e+02
9.487990000000000000e+06,5.968999999999999773e+02,6.767000000000000455e+02
9.487991000000000000e+06,5.968999999999999773e+02,6.767000000000000455e+02
9.487992000000000000e+06,6.022000000000000455e+02,6.923999999999999773e+02
9.487993000000000000e+06,6.023999999999999773e+02,7.012999999999999545e+02
9.487994000000000000e+06,6.047000000000000455e+02,7.013999999999999773e+02
9.487995000000000000e+06,6.062999999999999545e+02,6.925000000000000000e+02
9.487996000000000000e+06,6.132999999999999545e+02,6.931000000000000227e+02
9.487997000000000000e+06,6.142000000000000455e+02,6.886000000000000227e+02
9.487998000000000000e+06,6.053999999999999773e+02,6.877999999999999545e+02
9.487999000000000000e+06,6.012000000000000455e+02,6.862999999999999545e+02
9.488000000000000000e+06,6.013999999999999773e+02,6.852000000000000455e+02
9.488001000000000000e+06,6.058999999999999773e+02,6.872999999999999545e+02
9.488002000000000000e+06,6.058999999999999773e+02,6.872999999999999545e+02
9.488003000000000000e+06,6.091000000000000227e+02,6.897999999999999545e+02
9.488004000000000000e+06,6.113999999999999773e+02,6.922999999999999545e+02
9.488005000000000000e+06,6.102999999999999545e+02,6.986000000000000227e+02
9.488006000000000000e+06,6.107000000000000455e+02,6.963999999999999773e+02
9.488007000000000000e+06,6.072999999999999545e+02,6.937999999999999545e+02
9.488008000000000000e+06,6.013999999999999773e+02,6.918999999999999773e+02
9.488009000000000000e+06,5.977000000000000455e+02,6.901000000000000227e+02
9.488010000000000000e+06,5.973999999999999773e+02,6.877000000000000455e+02
9.488011000000000000e+06,5.973999999999999773e+02,6.877000000000000455e+02
9.488012000000000000e+06,5.957000000000000455e+02,6.845000000000000000e+02
9.488013000000000000e+06,5.962000000000000455e+02,6.815000000000000000e+02
9.488014000000000000e+06,5.997000000000000455e+02,6.817999999999999545e+02
9.488015000000000000e+06,5.995000000000000000e+02,6.791000000000000227e+02
9.488016000000000000e+06,5.995000000000000000e+02,6.791000000000000227e+02
9.488017000000000000e+06,5.981000000000000227e+02,6.793999999999999773e+02
9.488018000000000000e+06,5.981000000000000227e+02,6.797000000000000455e+02
9.488019000000000000e+06,6.076000000000000227e+02,6.821000000000000227e+02
9.488020000000000000e+06,6.073999999999999773e+02,6.827999999999999545e+02
9.488021000000000000e+06,6.056000000000000227e+02,6.835000000000000000e+02
9.488022000000000000e+06,6.158999999999999773e+02,6.788999999999999773e+02
9.488023000000000000e+06,6.161000000000000227e+02,6.776000000000000227e+02
9.488024000000000000e+06,6.167000000000000455e+02,6.776000000000000227e+02
9.488025000000000000e+06,6.146000000000000227e+02,6.885000000000000000e+02
9.488026000000000000e+06,5.997999999999999545e+02,6.838999999999999773e+02
9.488027000000000000e+06,6.002999999999999545e+02,6.805000000000000000e+02
9.488028000000000000e+06,6.027000000000000455e+02,6.797999999999999545e+02
9.488029000000000000e+06,6.048999999999999773e+02,6.800000000000000000e+02
9.488030000000000000e+06,6.052999999999999545e+02,6.778999999999999773e+02
9.488031000000000000e+06,6.080000000000000000e+02,6.760000000000000000e+02
9.488032000000000000e+06,6.081000000000000227e+02,6.760000000000000000e+02
9.488033000000000000e+06,6.091000000000000227e+02,6.706000000000000227e+02
9.488034000000000000e+06,6.042999999999999545e+02,6.705000000000000000e+02
9.488035000000000000e+06,6.058999999999999773e+02,6.707000000000000455e+02
9.488036000000000000e+06,6.040000000000000000e+02,6.810000000000000000e+02
9.488037000000000000e+06,5.912000000000000455e+02,6.821000000000000227e+02
9.488038000000000000e+06,5.907000000000000455e+02,6.821000000000000227e+02
9.488039000000000000e+06,5.907000000000000455e+02,6.821000000000000227e+02
9.488040000000000000e+06,6.018999999999999773e+02,6.772999999999999545e+02
9.488041000000000000e+06,6.073999999999999773e+02,6.721000000000000227e+02
9.488042000000000000e+06,6.073999999999999773e+02,6.721000000000000227e+02
9.488043000000000000e+06,6.032999999999999545e+02,6.823999999999999773e+02
9.488044000000000000e+06,6.022999999999999545e+02,6.756000000000000227e+02
9.488045000000000000e+06,5.982999999999999545e+02,6.752999999999999545e+02
9.488046000000000000e+06,5.980000000000000000e+02,6.768999999999999773e+02
9.488047000000000000e+06,5.985000000000000000e+02,6.770000000000000000e+02
9.488048000000000000e+06,5.985000000000000000e+02,6.770000000000000000e+02
9.488049000000000000e+06,5.975000000000000000e+02,6.826000000000000227e+02
9.488050000000000000e+06,5.978999999999999773e+02,6.802000000000000455e+02
9.488051000000000000e+06,5.997999999999999545e+02,6.780000000000000000e+02
9.488052000000000000e+06,5.988999999999999773e+02,6.778999999999999773e+02
9.488053000000000000e+06,5.988999999999999773e+02,6.778999999999999773e+02
9.488054000000000000e+06,5.962000000000000455e+02,6.850000000000000000e+02
9.488055000000000000e+06,5.962000000000000455e+02,6.850000000000000000e+02
9.488056000000000000e+06,5.923999999999999773e+02,6.933999999999999773e+02
9.488057000000000000e+06,5.927999999999999545e+02,6.893999999999999773e+02
9.488058000000000000e+06,5.933999999999999773e+02,6.853999999999999773e+02
9.488059000000000000e+06,5.930000000000000000e+02,6.747999999999999545e+02
9.488060000000000000e+06,5.930000000000000000e+02,6.747999999999999545e+02
9.488061000000000000e+06,5.930000000000000000e+02,6.746000000000000227e+02
9.488062000000000000e+06,5.845000000000000000e+02,6.737000000000000455e+02
9.488063000000000000e+06,5.817000000000000455e+02,6.732000000000000455e+02
9.488064000000000000e+06,5.687000000000000455e+02,6.717000000000000455e+02
9.488065000000000000e+06,5.602000000000000455e+02,6.661000000000000227e+02
9.488066000000000000e+06,5.607000000000000455e+02,6.615000000000000000e+02
9.488067000000000000e+06,5.480000000000000000e+02,6.537000000000000455e+02
9.488068000000000000e+06,5.345000000000000000e+02,6.426000000000000227e+02
9.488069000000000000e+06,5.317999999999999545e+02,6.422000000000000455e+02
9.488070000000000000e+06,5.157000000000000455e+02,6.446000000000000227e+02
9.488071000000000000e+06,5.157000000000000455e+02,6.423999999999999773e+02
9.488072000000000000e+06,5.008999999999999773e+02,6.396000000000000227e+02
9.488073000000000000e+06,5.008999999999999773e+02,6.396000000000000227e+02
9.488074000000000000e+06,5.026000000000000227e+02,6.472999999999999545e+02
9.488075000000000000e+06,5.026000000000000227e+02,6.461000000000000227e+02
9.488076000000000000e+06,5.026999999999999886e+02,6.461000000000000227e+02
9.488077000000000000e+06,5.026999999999999886e+02,6.461000000000000227e+02
9.488078000000000000e+06,5.008000000000000114e+02,6.457000000000000455e+02
9.488079000000000000e+06,4.983999999999999773e+02,6.452000000000000455e+02
9.488080000000000000e+06,4.973000000000000114e+02,6.475000000000000000e+02
9.488081000000000000e+06,4.976999999999999886e+02,6.476000000000000227e+02
9.488082000000000000e+06,4.980000000000000000e+02,6.538999999999999773e+02
9.488083000000000000e+06,4.973000000000000114e+02,6.512999999999999545e+02
9.488084000000000000e+06,4.983000000000000114e+02,6.491000000000000227e+02
9.488085000000000000e+06,4.981999999999999886e+02,6.467000000000000455e+02
9.488086000000000000e+06,5.026999999999999886e+02,6.476000000000000227e+02
9.488087000000000000e+06,5.023999999999999773e+02,6.392000000000000455e+02
9.488088000000000000e+06,4.888999999999999773e+02,6.386000000000000227e+02
9.488089000000000000e+06,4.888999999999999773e+02,6.382000000000000455e+02
9.488090000000000000e+06,4.971000000000000227e+02,6.402999999999999545e+02
9.488091000000000000e+06,4.978999999999999773e+02,6.555000000000000000e+02
9.488092000000000000e+06,4.978999999999999773e+02,6.555000000000000000e+02
9.488093000000000000e+06,4.971999999999999886e+02,6.417999999999999545e+02
9.488094000000000000e+06,4.971999999999999886e+02,6.417999999999999545e+02
9.488095000000000000e+06,4.945000000000000000e+02,6.356000000000000227e+02
9.488096000000000000e+06,4.943999999999999773e+02,6.343999999999999773e+02
9.488097000000000000e+06,5.036000000000000227e+02,6.363999999999999773e+02
9.488098000000000000e+06,5.040000000000000000e+02,6.510000000000000000e+02
9.488099000000000000e+06,5.068999999999999773e+02,6.515000000000000000e+02
9.488100000000000000e+06,5.066999999999999886e+02,6.427000000000000455e+02
9.488101000000000000e+06,5.041000000000000227e+02,6.267999999999999545e+02
9.488102000000000000e+06,5.016999999999999886e+02,6.262999999999999545e+02
9.488103000000000000e+06,5.016999999999999886e+02,6.248999999999999773e+02
9.488104000000000000e+06,5.016999999999999886e+02,6.248999999999999773e+02
9.488105000000000000e+06,4.881999999999999886e+02,6.252999999999999545e+02
9.488106000000000000e+06,4.885000000000000000e+02,6.288999999999999773e+02
9.488107000000000000e+06,5.053999999999999773e+02,6.390000000000000000e+02
9.488108000000000000e+06,5.048999999999999773e+02,6.483999999999999773e+02
9.488109000000000000e+06,5.040000000000000000e+02,6.437000000000000455e+02
9.488110000000000000e+06,5.035000000000000000e+02,6.435000000000000000e+02
9.488111000000000000e+06,5.028999999999999773e+02,6.433999999999999773e+02
9.488112000000000000e+06,5.018999999999999773e+02,6.457000000000000455e+02
9.488113000000000000e+06,5.025000000000000000e+02,6.483999999999999773e+02
9.488114000000000000e+06,5.025000000000000000e+02,6.483999999999999773e+02
9.488115000000000000e+06,5.025000000000000000e+02,6.408999999999999773e+02
9.488116000000000000e+06,5.023000000000000114e+02,6.358999999999999773e+02
9.488117000000000000e+06,5.015000000000000000e+02,6.418999999999999773e+02
9.488118000000000000e+06,5.015000000000000000e+02,6.418999999999999773e+02
9.488119000000000000e+06,5.011999999999999886e+02,6.342999999999999545e+02
9.488120000000000000e+06,5.023999999999999773e+02,6.376000000000000227e+02
9.488121000000000000e+06,5.035000000000000000e+02,6.410000000000000000e+02
9.488122000000000000e+06,5.035000000000000000e+02,6.411000000000000227e+02
9.488123000000000000e+06,5.035000000000000000e+02,6.411000000000000227e+02
9.488124000000000000e+06,5.036000000000000227e+02,6.450000000000000000e+02
9.488125000000000000e+06,5.043000000000000114e+02,6.451000000000000227e+02
9.488126000000000000e+06,5.040000000000000000e+02,6.323999999999999773e+02
9.488127000000000000e+06,5.021999999999999886e+02,6.321000000000000227e+02
9.488128000000000000e+06,5.008000000000000114e+02,6.317999999999999545e+02
9.488129000000000000e+06,5.006999999999999886e+02,6.282999999999999545e+02
9.488130000000000000e+06,5.006999999999999886e+02,6.282999999999999545e+02
9.488131000000000000e+06,4.951999999999999886e+02,6.283999999999999773e+02
9.488132000000000000e+06,4.951999999999999886e+02,6.283999999999999773e+02
9.488133000000000000e+06,4.951999999999999886e+02,6.280000000000000000e+02
9.488134000000000000e+06,4.943999999999999773e+02,6.273999999999999773e+02
9.488135000000000000e+06,4.946999999999999886e+02,6.341000000000000227e+02
9.488136000000000000e+06,4.955000000000000000e+02,6.342000000000000455e+02
9.488137000000000000e+06,4.963999999999999773e+02,6.375000000000000000e+02
9.488138000000000000e+06,4.980000000000000000e+02,6.378999999999999773e+02
9.488139000000000000e+06,4.971999999999999886e+02,6.377000000000000455e+02
9.488140000000000000e+06,4.971999999999999886e+02,6.362000000000000455e+02
9.488141000000000000e+06,5.001000000000000227e+02,6.357999999999999545e+02
9.488142000000000000e+06,5.056999999999999886e+02,6.370000000000000000e+02
9.488143000000000000e+06,5.046999999999999886e+02,6.367999999999999545e+02
9.488144000000000000e+06,5.051000000000000227e+02,6.410000000000000000e+02
9.488145000000000000e+06,5.053999999999999773e+02,6.411000000000000227e+02
9.488146000000000000e+06,5.053000000000000114e+02,6.362999999999999545e+02
9.488147000000000000e+06,4.916999999999999886e+02,6.283999999999999773e+02
9.488148000000000000e+06,4.918000000000000114e+02,6.292999999999999545e+02
9.488149000000000000e+06,5.031999999999999886e+02,6.327999999999999545e+02
9.488150000000000000e+06,5.031999999999999886e+02,6.327999999999999545e+02
9.488151000000000000e+06,5.043999999999999773e+02,6.221000000000000227e+02
9.488152000000000000e+06,5.043999999999999773e+02,6.221000000000000227e+02
9.488153000000000000e+06,5.041999999999999886e+02,6.397999999999999545e+02
9.488154000000000000e+06,5.041999999999999886e+02,6.363999999999999773e+02
9.488155000000000000e+06,5.068000000000000114e+02,6.345000000000000000e+02
9.488156000000000000e+06,5.068000000000000114e+02,6.345000000000000000e+02
9.488157000000000000e+06,4.986000000000000227e+02,6.316000000000000227e+02
9.488158000000000000e+06,4.986000000000000227e+02,6.316000000000000227e+02
9.488159000000000000e+06,5.046999999999999886e+02,6.322999999999999545e+02
9.488160000000000000e+06,5.046999999999999886e+02,6.316000000000000227e+02
9.488161000000000000e+06,5.048000000000000114e+02,6.333999999999999773e+02
9.488162000000000000e+06,5.065000000000000000e+02,6.355000000000000000e+02
9.488163000000000000e+06,5.063999999999999773e+02,6.316000000000000227e+02
9.488164000000000000e+06,5.066000000000000227e+02,6.316000000000000227e+02
9.488165000000000000e+06,5.068000000000000114e+02,6.402999999999999545e+02
9.488166000000000000e+06,5.045000000000000000e+02,6.398999999999999773e+02
9.488167000000000000e+06,5.046000000000000227e+02,6.436000000000000227e+02
9.488168000000000000e+06,5.046000000000000227e+02,6.435000000000000000e+02
9.488169000000000000e+06,5.065000000000000000e+02,6.437999999999999545e+02
9.488170000000000000e+06,5.066000000000000227e+02,6.438999999999999773e+02
9.488171000000000000e+06,5.065000000000000000e+02,6.408999999999999773e+02
9.488172000000000000e+06,4.996999999999999886e+02,6.363999999999999773e+02
9.488173000000000000e+06,4.993000000000000114e+02,6.323999999999999773e+02
9.488174000000000000e+06,4.991000000000000227e+02,6.262000000000000455e+02
9.488175000000000000e+06,5.036000000000000227e+02,6.271000000000000227e+02
9.488176000000000000e+06,5.048999999999999773e+02,6.288999999999999773e+02
9.488177000000000000e+06,5.048999999999999773e+02,6.288999999999999773e+02
9.488178000000000000e+06,5.051000000000000227e+02,6.371000000000000227e+02
9.488179000000000000e+06,4.960000000000000000e+02,6.351000000000000227e+02
9.488180000000000000e+06,4.873000000000000114e+02,6.036000000000000227e+02
9.488181000000000000e+06,4.880000000000000000e+02,6.140000000000000000e+02
9.488182000000000000e+06,4.973000000000000114e+02,6.263999999999999773e+02
9.488183000000000000e+06,4.966999999999999886e+02,6.325000000000000000e+02
9.488184000000000000e+06,4.966999999999999886e+02,6.325000000000000000e+02
9.488185000000000000e+06,4.988000000000000114e+02,6.330000000000000000e+02
9.488186000000000000e+06,4.986999999999999886e+02,6.292999999999999545e+02
9.488187000000000000e+06,4.985000000000000000e+02,6.292000000000000455e+02
9.488188000000000000e+06,4.988000000000000114e+02,6.362999999999999545e+02
9.488189000000000000e+06,5.000000000000000000e+02,6.366000000000000227e+02
9.488190000000000000e+06,5.000000000000000000e+02,6.372999999999999545e+02
9.488191000000000000e+06,5.013000000000000114e+02,6.376000000000000227e+02
9.488192000000000000e+06,5.008000000000000114e+02,6.188999999999999773e+02
9.488193000000000000e+06,5.013999999999999773e+02,6.256000000000000227e+02
9.488194000000000000e+06,5.013999999999999773e+02,6.256000000000000227e+02
9.488195000000000000e+06,4.973999999999999773e+02,6.297999999999999545e+02
9.488196000000000000e+06,4.976000000000000227e+02,6.348999999999999773e+02
9.488197000000000000e+06,4.950000000000000000e+02,6.342999999999999545e+02
9.488198000000000000e+06,4.913000000000000114e+02,6.127999999999999545e+02
9.488199000000000000e+06,4.913000000000000114e+02,6.127999999999999545e+02
9.488200000000000000e+06,4.943000000000000114e+02,6.122999999999999545e+02
9.488201000000000000e+06,4.971999999999999886e+02,6.117999999999999545e+02
9.488202000000000000e+06,4.968999999999999773e+02,6.027999999999999545e+02
9.488203000000000000e+06,4.968999999999999773e+02,6.027999999999999545e+02
9.488204000000000000e+06,4.968999999999999773e+02,6.027999999999999545e+02
9.488205000000000000e+06,4.961999999999999886e+02,6.147999999999999545e+02
9.488206000000000000e+06,4.961999999999999886e+02,6.147999999999999545e+02
9.488207000000000000e+06,4.953000000000000114e+02,6.073999999999999773e+02
9.488208000000000000e+06,4.953000000000000114e+02,6.073999999999999773e+02
9.488209000000000000e+06,nan,nan
9.488210000000000000e+06,nan,nan
9.488211000000000000e+06,nan,nan
9.488212000000000000e+06,nan,nan
9.488213000000000000e+06,nan,nan
9.488214000000000000e+06,nan,nan
9.488215000000000000e+06,nan,nan
9.488216000000000000e+06,nan,nan
9.488217000000000000e+06,nan,nan
9.488218000000000000e+06,nan,nan
9.488219000000000000e+06,nan,nan
9.488220000000000000e+06,nan,nan
9.488221000000000000e+06,nan,nan
9.488222000000000000e+06,nan,nan
9.488223000000000000e+06,nan,nan
9.488224000000000000e+06,nan,nan
9.488225000000000000e+06,nan,nan
9.488226000000000000e+06,nan,nan
9.488227000000000000e+06,nan,nan
9.488228000000000000e+06,nan,nan
9.488229000000000000e+06,nan,nan
9.488230000000000000e+06,nan,nan
9.488231000000000000e+06,nan,nan
9.488232000000000000e+06,nan,nan
9.488233000000000000e+06,nan,nan
9.488234000000000000e+06,nan,nan
9.488235000000000000e+06,nan,nan
9.488236000000000000e+06,nan,nan
9.488237000000000000e+06,nan,nan
9.488238000000000000e+06,nan,nan
9.488239000000000000e+06,nan,nan
9.488240000000000000e+06,nan,nan
9.488241000000000000e+06,nan,nan
9.488242000000000000e+06,nan,nan
9.488243000000000000e+06,nan,nan
9.488244000000000000e+06,nan,nan
9.488245000000000000e+06,nan,nan
9.488246000000000000e+06,nan,nan
9.488247000000000000e+06,nan,nan
9.488248000000000000e+06,nan,nan
9.488249000000000000e+06,nan,nan
9.488250000000000000e+06,nan,nan
9.488251000000000000e+06,nan,nan
9.488252000000000000e+06,nan,nan
9.488253000000000000e+06,nan,nan
9.488254000000000000e+06,nan,nan
9.488255000000000000e+06,nan,nan
9.488256000000000000e+06,nan,nan
9.488257000000000000e+06,nan,nan
9.488258000000000000e+06,nan,nan
9.488259000000000000e+06,nan,nan
9.488260000000000000e+06,nan,nan
9.488261000000000000e+06,nan,nan
9.488262000000000000e+06,nan,nan
9.488263000000000000e+06,nan,nan
9.488264000000000000e+06,nan,nan
9.488265000000000000e+06,nan,nan
9.488266000000000000e+06,nan,nan
9.488267000000000000e+06,nan,nan
9.488268000000000000e+06,nan,nan
9.488269000000000000e+06,nan,nan
9.488270000000000000e+06,nan,nan
9.488271000000000000e+06,nan,nan
9.488272000000000000e+06,nan,nan
9.488273000000000000e+06,nan,nan
9.488274000000000000e+06,nan,nan
9.488275000000000000e+06,nan,nan
9.488276000000000000e+06,nan,nan
9.488277000000000000e+06,nan,nan
9.488278000000000000e+06,nan,nan
9.488279000000000000e+06,nan,nan
9.488280000000000000e+06,nan,nan
9.488281000000000000e+06,nan,nan
9.488282000000000000e+06,nan,nan
9.488283000000000000e+06,nan,nan
9.488284000000000000e+06,nan,nan
9.488285000000000000e+06,nan,nan
9.488286000000000000e+06,nan,nan
9.488287000000000000e+06,nan,nan
9.488288000000000000e+06,nan,nan
9.488289000000000000e+06,nan,nan
9.488290000000000000e+06,nan,nan
9.488291000000000000e+06,nan,nan
9.488292000000000000e+06,nan,nan
9.488293000000000000e+06,nan,nan
9.488294000000000000e+06,nan,nan
9.488295000000000000e+06,nan,nan
9.488296000000000000e+06,nan,nan
9.488297000000000000e+06,nan,nan
9.488298000000000000e+06,nan,nan
9.488299000000000000e+06,nan,nan
9.488300000000000000e+06,nan,nan
9.488301000000000000e+06,nan,nan
9.488302000000000000e+06,nan,nan
9.488303000000000000e+06,nan,nan
9.488304000000000000e+06,nan,nan
9.488305000000000000e+06,nan,nan
9.488306000000000000e+06,nan,nan
9.488307000000000000e+06,nan,nan
9.488308000000000000e+06,nan,nan
9.488309000000000000e+06,nan,nan
9.488310000000000000e+06,nan,nan
9.488311000000000000e+06,nan,nan
9.488312000000000000e+06,nan,nan
9.488313000000000000e+06,nan,nan
9.488314000000000000e+06,nan,nan
9.488315000000000000e+06,nan,nan
9.488316000000000000e+06,nan,nan
9.488317000000000000e+06,nan,nan
9.488318000000000000e+06,nan,nan
9.488319000000000000e+06,nan,nan
9.488320000000000000e+06,nan,nan
9.488321000000000000e+06,nan,nan
9.488322000000000000e+06,nan,nan
9.488323000000000000e+06,nan,nan
9.488324000000000000e+06,nan,nan
9.488325000000000000e+06,nan,nan
9.488326000000000000e+06,nan,nan
9.488327000000000000e+06,nan,nan
9.488328000000000000e+06,nan,nan
9.488329000000000000e+06,nan,nan
9.488330000000000000e+06,nan,nan
9.488331000000000000e+06,nan,nan
9.488332000000000000e+06,nan,nan
9.488333000000000000e+06,nan,nan
9.488334000000000000e+06,nan,nan
9.488335000000000000e+06,nan,nan
9.488336000000000000e+06,nan,nan
9.488337000000000000e+06,nan,nan
9.488338000000000000e+06,nan,nan
9.488339000000000000e+06,nan,nan
9.488340000000000000e+06,nan,nan
9.488341000000000000e+06,nan,nan
9.488342000000000000e+06,nan,nan
9.488343000000000000e+06,nan,nan
9.488344000000000000e+06,nan,nan
9.488345000000000000e+06,nan,nan
9.488346000000000000e+06,nan,nan
9.488347000000000000e+06,nan,nan
9.488348000000000000e+06,nan,nan
9.488349000000000000e+06,nan,nan
9.488350000000000000e+06,nan,nan
9.488351000000000000e+06,nan,nan
9.488352000000000000e+06,nan,nan
9.488353000000000000e+06,nan,nan
9.488354000000000000e+06,nan,nan
9.488355000000000000e+06,nan,nan
9.488356000000000000e+06,nan,nan
9.488357000000000000e+06,nan,nan
9.488358000000000000e+06,nan,nan
9.488359000000000000e+06,nan,nan
9.488360000000000000e+06,nan,nan
9.488361000000000000e+06,nan,nan
9.488362000000000000e+06,nan,nan
9.488363000000000000e+06,nan,nan
9.488364000000000000e+06,nan,nan
9.488365000000000000e+06,nan,nan
9.488366000000000000e+06,nan,nan
9.488367000000000000e+06,nan,nan
9.488368000000000000e+06,nan,nan
9.488369000000000000e+06,nan,nan
9.488370000000000000e+06,nan,nan
9.488371000000000000e+06,nan,nan
9.488372000000000000e+06,nan,nan
9.488373000000000000e+06,nan,nan
9.488374000000000000e+06,nan,nan
9.488375000000000000e+06,nan,nan
9.488376000000000000e+06,nan,nan
9.488377000000000000e+06,nan,nan
9.488378000000000000e+06,nan,nan
9.488379000000000000e+06,nan,nan
9.488380000000000000e+06,nan,nan
9.488381000000000000e+06,nan,nan
9.488382000000000000e+06,nan,nan
9.488383000000000000e+06,nan,nan
9.488384000000000000e+06,nan,nan
9.488385000000000000e+06,nan,nan
9.488386000000000000e+06,nan,nan
9.488387000000000000e+06,nan,nan
9.488388000000000000e+06,nan,nan
9.488389000000000000e+06,nan,nan
9.488390000000000000e+06,nan,nan
9.488391000000000000e+06,nan,nan
9.488392000000000000e+06,nan,nan
9.488393000000000000e+06,nan,nan
9.488394000000000000e+06,nan,nan
9.488395000000000000e+06,nan,nan
9.488396000000000000e+06,nan,nan
9.488397000000000000e+06,nan,nan
9.488398000000000000e+06,nan,nan
9.488399000000000000e+06,nan,nan
9.488400000000000000e+06,nan,nan
9.488401000000000000e+06,nan,nan
9.488402000000000000e+06,nan,nan
9.488403000000000000e+06,nan,nan
9.488404000000000000e+06,nan,nan
9.488405000000000000e+06,nan,nan
9.488406000000000000e+06,nan,nan
9.488407000000000000e+06,nan,nan
9.488408000000000000e+06,nan,nan
9.488409000000000000e+06,nan,nan
9.488410000000000000e+06,nan,nan
9.488411000000000000e+06,nan,nan
9.488412000000000000e+06,nan,nan
9.488413000000000000e+06,nan,nan
9.488414000000000000e+06,nan,nan
9.488415000000000000e+06,nan,nan
9.488416000000000000e+06,nan,nan
9.488417000000000000e+06,nan,nan
9.488418000000000000e+06,nan,nan
9.488419000000000000e+06,nan,nan
9.488420000000000000e+06,nan,nan
9.488421000000000000e+06,nan,nan
9.488422000000000000e+06,nan,nan
9.488423000000000000e+06,nan,nan
9.488424000000000000e+06,nan,nan
9.488425000000000000e+06,nan,nan
9.488426000000000000e+06,nan,nan
9.488427000000000000e+06,nan,nan
9.488428000000000000e+06,nan,nan
9.488429000000000000e+06,nan,nan
9.488430000000000000e+06,nan,nan
9.488431000000000000e+06,nan,nan
9.488432000000000000e+06,nan,nan
9.488433000000000000e+06,nan,nan
9.488434000000000000e+06,nan,nan
9.488435000000000000e+06,nan,nan
9.488436000000000000e+06,nan,nan
9.488437000000000000e+06,nan,nan
9.488438000000000000e+06,nan,nan
9.488439000000000000e+06,nan,nan
9.488440000000000000e+06,nan,nan
9.488441000000000000e+06,nan,nan
9.488442000000000000e+06,nan,nan
9.488443000000000000e+06,nan,nan
9.488444000000000000e+06,nan,nan
9.488445000000000000e+06,nan,nan
9.488446000000000000e+06,nan,nan
9.488447000000000000e+06,nan,nan
9.488448000000000000e+06,nan,nan
9.488449000000000000e+06,nan,nan
9.488450000000000000e+06,nan,nan
9.488451000000000000e+06,nan,nan
9.488452000000000000e+06,nan,nan
9.488453000000000000e+06,nan,nan
9.488454000000000000e+06,nan,nan
9.488455000000000000e+06,nan,nan
9.488456000000000000e+06,nan,nan
9.488457000000000000e+06,nan,nan
9.488458000000000000e+06,nan,nan
9.488459000000000000e+06,nan,nan
9.488460000000000000e+06,nan,nan
9.488461000000000000e+06,nan,nan
9.488462000000000000e+06,nan,nan
9.488463000000000000e+06,nan,nan
9.488464000000000000e+06,nan,nan
9.488465000000000000e+06,nan,nan
9.488466000000000000e+06,nan,nan
9.488467000000000000e+06,nan,nan
9.488468000000000000e+06,nan,nan
9.488469000000000000e+06,nan,nan
9.488470000000000000e+06,nan,nan
9.488471000000000000e+06,nan,nan
9.488472000000000000e+06,nan,nan
9.488473000000000000e+06,nan,nan
9.488474000000000000e+06,nan,nan
9.488475000000000000e+06,nan,nan
9.488476000000000000e+06,nan,nan
9.488477000000000000e+06,nan,nan
9.488478000000000000e+06,nan,nan
9.488479000000000000e+06,nan,nan
9.488480000000000000e+06,nan,nan
9.488481000000000000e+06,nan,nan
9.488482000000000000e+06,nan,nan
9.488483000000000000e+06,nan,nan
9.488484000000000000e+06,nan,nan
9.488485000000000000e+06,nan,nan
9.488486000000000000e+06,nan,nan
9.488487000000000000e+06,nan,nan
9.488488000000000000e+06,nan,nan
9.488489000000000000e+06,nan,nan
9.488490000000000000e+06,nan,nan
9.488491000000000000e+06,nan,nan
9.488492000000000000e+06,nan,nan
9.488493000000000000e+06,nan,nan
9.488494000000000000e+06,nan,nan
9.488495000000000000e+06,nan,nan
9.488496000000000000e+06,nan,nan
9.488497000000000000e+06,nan,nan
9.488498000000000000e+06,nan,nan
9.488499000000000000e+06,nan,nan
9.488500000000000000e+06,nan,nan
9.488501000000000000e+06,nan,nan
9.488502000000000000e+06,nan,nan
9.488503000000000000e+06,nan,nan
9.488504000000000000e+06,nan,nan
9.488505000000000000e+06,nan,nan
9.488506000000000000e+06,nan,nan
9.488507000000000000e+06,nan,nan
9.488508000000000000e+06,nan,nan
9.488509000000000000e+06,nan,nan
9.488510000000000000e+06,nan,nan
9.488511000000000000e+06,nan,nan
9.488512000000000000e+06,nan,nan
9.488513000000000000e+06,nan,nan
9.488514000000000000e+06,nan,nan
9.488515000000000000e+06,nan,nan
9.488516000000000000e+06,nan,nan
9.488517000000000000e+06,nan,nan
9.488518000000000000e+06,nan,nan
9.488519000000000000e+06,nan,nan
9.488520000000000000e+06,nan,nan
9.488521000000000000e+06,nan,nan
9.488522000000000000e+06,nan,nan
9.488523000000000000e+06,nan,nan
9.488524000000000000e+06,nan,nan
9.488525000000000000e+06,nan,nan
9.488526000000000000e+06,nan,nan
9.488527000000000000e+06,nan,nan
9.488528000000000000e+06,nan,nan
9.488529000000000000e+06,nan,nan
9.488530000000000000e+06,nan,nan
9.488531000000000000e+06,nan,nan
9.488532000000000000e+06,nan,nan
9.488533000000000000e+06,nan,nan
9.488534000000000000e+06,nan,nan
9.488535000000000000e+06,nan,nan
9.488536000000000000e+06,nan,nan
9.488537000000000000e+06,nan,nan
9.488538000000000000e+06,nan,nan
9.488539000000000000e+06,nan,nan
9.488540000000000000e+06,nan,nan
9.488541000000000000e+06,nan,nan
9.488542000000000000e+06,nan,nan
9.488543000000000000e+06,nan,nan
9.488544000000000000e+06,nan,nan
9.488545000000000000e+06,nan,nan
9.488546000000000000e+06,nan,nan
9.488547000000000000e+06,nan,nan
9.488548000000000000e+06,nan,nan
9.488549000000000000e+06,nan,nan
9.488550000000000000e+06,nan,nan
9.488551000000000000e+06,nan,nan
9.488552000000000000e+06,nan,nan
9.488553000000000000e+06,nan,nan
9.488554000000000000e+06,nan,nan
9.488555000000000000e+06,nan,nan
9.488556000000000000e+06,nan,nan
9.488557000000000000e+06,nan,nan
9.488558000000000000e+06,nan,nan
9.488559000000000000e+06,nan,nan
9.488560000000000000e+06,nan,nan
9.488561000000000000e+06,nan,nan
9.488562000000000000e+06,nan,nan
9.488563000000000000e+06,nan,nan
9.488564000000000000e+06,nan,nan
9.488565000000000000e+06,nan,nan
9.488566000000000000e+06,nan,nan
9.488567000000000000e+06,nan,nan
9.488568000000000000e+06,nan,nan
9.488569000000000000e+06,nan,nan
9.488570000000000000e+06,nan,nan
9.488571000000000000e+06,nan,nan
9.488572000000000000e+06,nan,nan
9.488573000000000000e+06,nan,nan
9.488574000000000000e+06,nan,nan
9.488575000000000000e+06,nan,nan
9.488576000000000000e+06,nan,nan
9.488577000000000000e+06,nan,nan
9.488578000000000000e+06,nan,nan
9.488579000000000000e+06,nan,nan
9.488580000000000000e+06,nan,nan
9.488581000000000000e+06,nan,nan
9.488582000000000000e+06,nan,nan
9.488583000000000000e+06,nan,nan
9.488584000000000000e+06,nan,nan
9.488585000000000000e+06,nan,nan
9.488586000000000000e+06,nan,nan
9.488587000000000000e+06,nan,nan
9.488588000000000000e+06,nan,nan
9.488589000000000000e+06,nan,nan
9.488590000000000000e+06,nan,nan
9.488591000000000000e+06,nan,nan
9.488592000000000000e+06,nan,nan
9.488593000000000000e+06,nan,nan
9.488594000000000000e+06,nan,nan
9.488595000000000000e+06,nan,nan
9.488596000000000000e+06,nan,nan
9.488597000000000000e+06,nan,nan
9.488598000000000000e+06,nan,nan
9.488599000000000000e+06,nan,nan
9.488600000000000000e+06,nan,nan
9.488601000000000000e+06,nan,nan
9.488602000000000000e+06,nan,nan
9.488603000000000000e+06,nan,nan
9.488604000000000000e+06,nan,nan
9.488605000000000000e+06,nan,nan
9.488606000000000000e+06,nan,nan
9.488607000000000000e+06,nan,nan
9.488608000000000000e+06,nan,nan
9.488609000000000000e+06,nan,nan
9.488610000000000000e+06,nan,nan
9.488611000000000000e+06,nan,nan
9.488612000000000000e+06,nan,nan
9.488613000000000000e+06,nan,nan
9.488614000000000000e+06,nan,nan
9.488615000000000000e+06,nan,nan
9.488616000000000000e+06,nan,nan
9.488617000000000000e+06,nan,nan
9.488618000000000000e+06,nan,nan
9.488619000000000000e+06,nan,nan
9.488620000000000000e+06,nan,nan
9.488621000000000000e+06,nan,nan
9.488622000000000000e+06,nan,nan
9.488623000000000000e+06,nan,nan
9.488624000000000000e+06,nan,nan
9.488625000000000000e+06,nan,nan
9.488626000000000000e+06,nan,nan
9.488627000000000000e+06,nan,nan
9.488628000000000000e+06,nan,nan
9.488629000000000000e+06,nan,nan
9.488630000000000000e+06,nan,nan
9.488631000000000000e+06,nan,nan
9.488632000000000000e+06,nan,nan
9.488633000000000000e+06,nan,nan
9.488634000000000000e+06,nan,nan
9.488635000000000000e+06,nan,nan
9.488636000000000000e+06,nan,nan
9.488637000000000000e+06,nan,nan
9.488638000000000000e+06,nan,nan
9.488639000000000000e+06,nan,nan
9.488640000000000000e+06,nan,nan
9.488641000000000000e+06,nan,nan
9.488642000000000000e+06,nan,nan
9.488643000000000000e+06,nan,nan
9.488644000000000000e+06,nan,nan
9.488645000000000000e+06,nan,nan
9.488646000000000000e+06,nan,nan
9.488647000000000000e+06,nan,nan
9.488648000000000000e+06,nan,nan
9.488649000000000000e+06,nan,nan
9.488650000000000000e+06,nan,nan
9.488651000000000000e+06,nan,nan
9.488652000000000000e+06,nan,nan
9.488653000000000000e+06,nan,nan
9.488654000000000000e+06,nan,nan
9.488655000000000000e+06,nan,nan
9.488656000000000000e+06,nan,nan
9.488657000000000000e+06,nan,nan
9.488658000000000000e+06,nan,nan
9.488659000000000000e+06,nan,nan
9.488660000000000000e+06,nan,nan
9.488661000000000000e+06,nan,nan
9.488662000000000000e+06,nan,nan
9.488663000000000000e+06,nan,nan
9.488664000000000000e+06,nan,nan
9.488665000000000000e+06,nan,nan
9.488666000000000000e+06,nan,nan
9.488667000000000000e+06,nan,nan
9.488668000000000000e+06,nan,nan
9.488669000000000000e+06,nan,nan
9.488670000000000000e+06,nan,nan
9.488671000000000000e+06,nan,nan
9.488672000000000000e+06,nan,nan
9.488673000000000000e+06,nan,nan
9.488674000000000000e+06,nan,nan
9.488675000000000000e+06,nan,nan
9.488676000000000000e+06,nan,nan
9.488677000000000000e+06,nan,nan
9.488678000000000000e+06,nan,nan
9.488679000000000000e+06,nan,nan
9.488680000000000000e+06,nan,nan
9.488681000000000000e+06,nan,nan
9.488682000000000000e+06,nan,nan
9.488683000000000000e+06,nan,nan
9.488684000000000000e+06,nan,nan
9.488685000000000000e+06,nan,nan
9.488686000000000000e+06,nan,nan
9.488687000000000000e+06,nan,nan
9.488688000000000000e+06,nan,nan
9.488689000000000000e+06,nan,nan
9.488690000000000000e+06,nan,nan
9.488691000000000000e+06,nan,nan
9.488692000000000000e+06,nan,nan
9.488693000000000000e+06,nan,nan
9.488694000000000000e+06,nan,nan
9.488695000000000000e+06,nan,nan
9.488696000000000000e+06,nan,nan
9.488697000000000000e+06,nan,nan
9.488698000000000000e+06,nan,nan
9.488699000000000000e+06,nan,nan
9.488700000000000000e+06,nan,nan
9.488701000000000000e+06,nan,nan
9.488702000000000000e+06,nan,nan
9.488703000000000000e+06,nan,nan
9.488704000000000000e+06,nan,nan
9.488705000000000000e+06,nan,nan
9.488706000000000000e+06,nan,nan
9.488707000000000000e+06,nan,nan
9.488708000000000000e+06,nan,nan
9.488709000000000000e+06,nan,nan
9.488710000000000000e+06,nan,nan
9.488711000000000000e+06,nan,nan
9.488712000000000000e+06,nan,nan
9.488713000000000000e+06,nan,nan
9.488714000000000000e+06,nan,nan
9.488715000000000000e+06,nan,nan
9.488716000000000000e+06,nan,nan
9.488717000000000000e+06,nan,nan
9.488718000000000000e+06,nan,nan
9.488719000000000000e+06,nan,nan
9.488720000000000000e+06,nan,nan
9.488721000000000000e+06,nan,nan
9.488722000000000000e+06,nan,nan
9.488723000000000000e+06,nan,nan
9.488724000000000000e+06,nan,nan
9.488725000000000000e+06,nan,nan
9.488726000000000000e+06,nan,nan
9.488727000000000000e+06,nan,nan
9.488728000000000000e+06,nan,nan
9.488729000000000000e+06,nan,nan
9.488730000000000000e+06,nan,nan
9.488731000000000000e+06,nan,nan
